{"cameraMode":{"drawMode":0,"name":"Shaded","section":"Shading Mode"},"sceneLighting":true,"audioPlay":false,"sceneViewState":{"showFog":true,"showMaterialUpdate":false,"showSkybox":true,"showFlares":true,"showImageEffects":true,"showParticleSystems":true},"in2DMode":false,"pivot":{"x":461.76190185546877,"y":229.38902282714845,"z":5.949435710906982},"rotation":{"x":0.01646403595805168,"y":0.06534213572740555,"z":0.0010784261394292117,"w":-0.997726559638977},"size":540.7797241210938,"orthographic":true}